lambda [nm],dlambda [nm],theta [deg],I [nA],dI [nA],
300,0.1,11.5,1.17,0.05,98
301,0.1,11.15,1.14,0.05,
302,0.1,11.84,1.21,0.05,
303,0.1,12.12,1.24,0.05,
304,0.1,11.93,1.22,0.05,
305,0.1,11.71,1.19,0.05,
306,0.1,11.18,1.14,0.05,
307,0.1,11.38,1.16,0.05,
308,0.1,11.62,1.19,0.05,
309,0.1,11.7,1.19,0.05,
310,0.1,11.84,1.21,0.05,
311,0.1,11.2,1.14,0.05,
312,0.1,11.12,1.13,0.05,
313,0.1,12.05,1.23,0.05,
314,0.1,11.3,1.15,0.05,
315,0.1,11.29,1.15,0.05,
316,0.1,11.34,1.16,0.05,
317,0.1,11.53,1.18,0.05,
318,0.1,11.47,1.17,0.05,
319,0.1,11.56,1.18,0.05,
320,0.1,12.42,1.27,0.05,
321,0.1,11.9,1.21,0.05,
322,0.1,11.63,1.19,0.05,
323,0.1,11.72,1.20,0.05,
324,0.1,12.76,1.30,0.05,
325,0.1,12.78,1.30,0.05,
326,0.1,12.48,1.27,0.05,
327,0.1,11.67,1.19,0.05,
328,0.1,11.92,1.22,0.05,
329,0.1,12.77,1.30,0.05,
330,0.1,11.9,1.21,0.05,
331,0.1,12.28,1.25,0.05,
332,0.1,12.77,1.30,0.05,
333,0.1,12.88,1.31,0.05,
334,0.1,12.04,1.23,0.05,
335,0.1,12.87,1.31,0.05,
336,0.1,12.81,1.31,0.05,
337,0.1,12.61,1.29,0.05,
338,0.1,12.54,1.28,0.05,
339,0.1,12.43,1.27,0.05,
340,0.1,12.93,1.32,0.05,
341,0.1,12.9,1.32,0.05,
342,0.1,12.68,1.29,0.05,
343,0.1,12.79,1.31,0.05,
344,0.1,12.86,1.31,0.05,
345,0.1,13.47,1.37,0.05,
346,0.1,13.37,1.36,0.05,
347,0.1,13.32,1.36,0.05,
348,0.1,13.44,1.37,0.05,
349,0.1,14.11,1.44,0.05,
350,0.1,14.22,1.45,0.05,
351,0.1,15.22,1.55,0.05,
352,0.1,15.86,1.62,0.05,
353,0.1,19.94,2.03,0.05,
354,0.1,107.88,11.01,0.05,
355,0.1,173.19,17.67,0.05,
356,0.1,182.28,18.60,0.05,
357,0.1,149.37,15.24,0.05,
358,0.1,22.94,2.34,0.05,
359,0.1,15.91,1.62,0.05,
360,0.1,14.76,1.51,0.05,
361,0.1,14.6,1.49,0.05,
362,0.1,13.39,1.37,0.05,
363,0.1,12.75,1.30,0.05,
364,0.1,12.68,1.29,0.05,
365,0.1,12.58,1.28,0.05,
366,0.1,12.26,1.25,0.05,
367,0.1,12.39,1.26,0.05,
368,0.1,12.4,1.27,0.05,
369,0.1,12.18,1.24,0.05,
370,0.1,12.13,1.24,0.05,
371,0.1,12.17,1.24,0.05,
372,0.1,12.37,1.26,0.05,
373,0.1,12.1,1.23,0.05,
374,0.1,11.94,1.22,0.05,
375,0.1,12.02,1.23,0.05,
376,0.1,11.97,1.22,0.05,
377,0.1,12.13,1.24,0.05,
378,0.1,12.4,1.27,0.05,
379,0.1,12.6,1.29,0.05,
380,0.1,13.54,1.38,0.05,
381,0.1,13.51,1.38,0.05,
382,0.1,13.68,1.40,0.05,
383,0.1,13.03,1.33,0.05,
384,0.1,12.38,1.26,0.05,
385,0.1,12.63,1.29,0.05,
386,0.1,13.02,1.33,0.05,
387,0.1,13.6,1.39,0.05,
388,0.1,13.97,1.43,0.05,
389,0.1,13.07,1.33,0.05,
390,0.1,14.43,1.47,0.05,
391,0.1,14.82,1.51,0.05,
392,0.1,15.47,1.58,0.05,
393,0.1,15.89,1.62,0.05,
394,0.1,16.41,1.67,0.05,
395,0.1,201.15,20.53,0.05,
396,0.1,194.76,19.87,0.05,
397,0.1,134.91,13.77,0.05,
398,0.1,38.98,3.98,0.05,
399,0.1,39.03,3.98,0.05,
400,0.1,17.46,1.78,0.05,
401,0.1,14.86,1.52,0.05,
402,0.1,14.42,1.47,0.05,
403,0.1,13.52,1.38,0.05,
404,0.1,13.16,1.34,0.05,
405,0.1,12.85,1.31,0.05,
406,0.1,12.46,1.27,0.05,
407,0.1,12.64,1.29,0.05,
408,0.1,12.77,1.30,0.05,
409,0.1,12.97,1.32,0.05,
410,0.1,13.33,1.36,0.05,
411,0.1,13.56,1.38,0.05,
412,0.1,13.87,1.42,0.05,
413,0.1,13.94,1.42,0.05,
414,0.1,14.3,1.46,0.05,
415,0.1,14.51,1.48,0.05,
416,0.1,14.79,1.51,0.05,
417,0.1,16.14,1.65,0.05,
418,0.1,16.1,1.64,0.05,
419,0.1,16.75,1.71,0.05,
420,0.1,16.71,1.71,0.05,
421,0.1,18.4,1.88,0.05,
422,0.1,19.42,1.98,0.05,
423,0.1,20.34,2.08,0.05,
424,0.1,27.03,2.76,0.05,
425,0.1,44.82,4.57,0.05,
426,0.1,213.33,21.77,0.05,
427,0.1,219.99,22.45,0.05,
428,0.1,68.84,7.02,0.05,
429,0.1,34.53,3.52,0.05,
430,0.1,23.77,2.43,0.05,
431,0.1,20.64,2.11,0.05,
432,0.1,20,2.04,0.05,
433,0.1,18.17,1.85,0.05,
434,0.1,17.28,1.76,0.05,
435,0.1,17,1.73,0.05,
436,0.1,17.06,1.74,0.05,
437,0.1,16.68,1.70,0.05,
438,0.1,15.9,1.62,0.05,
439,0.1,15.49,1.58,0.05,
440,0.1,15.23,1.55,0.05,
441,0.1,15.19,1.55,0.05,
442,0.1,14.34,1.46,0.05,
443,0.1,13.97,1.43,0.05,
444,0.1,13.68,1.40,0.05,
445,0.1,13.51,1.38,0.05,
446,0.1,13.55,1.38,0.05,
447,0.1,13.56,1.38,0.05,
448,0.1,13.18,1.34,0.05,
449,0.1,13.28,1.36,0.05,
450,0.1,12.76,1.30,0.05,
451,0.1,12.64,1.29,0.05,
452,0.1,12.45,1.27,0.05,
453,0.1,12.7,1.30,0.05,
454,0.1,12.62,1.29,0.05,
455,0.1,12.56,1.28,0.05,
456,0.1,12.4,1.27,0.05,
457,0.1,12.8,1.31,0.05,
458,0.1,12.52,1.28,0.05,
459,0.1,12.6,1.29,0.05,
460,0.1,12.93,1.32,0.05,
461,0.1,12.74,1.30,0.05,
462,0.1,12.91,1.32,0.05,
463,0.1,13.02,1.33,0.05,
464,0.1,13.01,1.33,0.05,
465,0.1,13.09,1.34,0.05,
466,0.1,12.97,1.32,0.05,
467,0.1,12.49,1.27,0.05,
468,0.1,12.62,1.29,0.05,
469,0.1,12.85,1.31,0.05,
470,0.1,12.56,1.28,0.05,
471,0.1,12.82,1.31,0.05,
472,0.1,12.71,1.30,0.05,
473,0.1,12.85,1.31,0.05,
474,0.1,13.04,1.33,0.05,
475,0.1,13.2,1.35,0.05,
476,0.1,13.47,1.37,0.05,
477,0.1,13.38,1.37,0.05,
478,0.1,13.32,1.36,0.05,
479,0.1,13.46,1.37,0.05,
480,0.1,13.28,1.36,0.05,
481,0.1,13.21,1.35,0.05,
482,0.1,16.42,1.68,0.05,
483,0.1,18.99,1.94,0.05,
484,0.1,15.65,1.60,0.05,
485,0.1,12.37,1.26,0.05,
486,0.1,12.29,1.25,0.05,
487,0.1,13.18,1.34,0.05,
488,0.1,12.35,1.26,0.05,
489,0.1,11.75,1.20,0.05,
490,0.1,11.57,1.18,0.05,
491,0.1,11.62,1.19,0.05,
492,0.1,11.58,1.18,0.05,
493,0.1,11.76,1.20,0.05,
494,0.1,11.91,1.22,0.05,
495,0.1,12.08,1.23,0.05,
496,0.1,11.77,1.20,0.05,
497,0.1,11.67,1.19,0.05,
498,0.1,11.67,1.19,0.05,
499,0.1,11.43,1.17,0.05,
500,0.1,11.59,1.18,0.05,
501,0.1,12.01,1.23,0.05,
502,0.1,11.54,1.18,0.05,
503,0.1,11.72,1.20,0.05,
504,0.1,11.74,1.20,0.05,
505,0.1,11.76,1.20,0.05,
506,0.1,11.66,1.19,0.05,
507,0.1,11.7,1.19,0.05,
508,0.1,11.64,1.19,0.05,
509,0.1,11.62,1.19,0.05,
510,0.1,11.7,1.19,0.05,
511,0.1,11.67,1.19,0.05,
512,0.1,11.7,1.19,0.05,
513,0.1,11.75,1.20,0.05,
514,0.1,11.93,1.22,0.05,
515,0.1,11.87,1.21,0.05,
516,0.1,12.13,1.24,0.05,
517,0.1,11.82,1.21,0.05,
518,0.1,11.81,1.21,0.05,
519,0.1,11.99,1.22,0.05,
520,0.1,11.89,1.21,0.05,
521,0.1,12.4,1.27,0.05,
522,0.1,12.43,1.27,0.05,
523,0.1,13.14,1.34,0.05,
524,0.1,13.35,1.36,0.05,
525,0.1,13.44,1.37,0.05,
526,0.1,13.74,1.40,0.05,
527,0.1,14.07,1.44,0.05,
528,0.1,14.94,1.52,0.05,
529,0.1,15.39,1.57,0.05,
530,0.1,15.86,1.62,0.05,
531,0.1,16.2,1.65,0.05,
532,0.1,17,1.73,0.05,
533,0.1,18.24,1.86,0.05,
534,0.1,19.08,1.95,0.05,
535,0.1,20.73,2.12,0.05,
536,0.1,30.33,3.09,0.05,
537,0.1,223.02,22.76,0.05,
538,0.1,226.05,23.07,0.05,
539,0.1,226.65,23.13,0.05,
540,0.1,218.52,22.30,0.05,
541,0.1,131.52,13.42,0.05,
542,0.1,32.44,3.31,0.05,
543,0.1,22.48,2.29,0.05,
544,0.1,18.91,1.93,0.05,
545,0.1,18.31,1.87,0.05,
546,0.1,15.9,1.62,0.05,
547,0.1,14.31,1.46,0.05,
548,0.1,13.59,1.39,0.05,
549,0.1,13.31,1.36,0.05,
550,0.1,12.82,1.31,0.05,
551,0.1,12.76,1.30,0.05,
552,0.1,12.58,1.28,0.05,
553,0.1,12.33,1.26,0.05,
554,0.1,12.36,1.26,0.05,
555,0.1,12.01,1.23,0.05,
556,0.1,11.8,1.20,0.05,
557,0.1,11.75,1.20,0.05,
558,0.1,11.71,1.19,0.05,
559,0.1,11.97,1.22,0.05,
560,0.1,11.87,1.21,0.05,
561,0.1,11.95,1.22,0.05,
562,0.1,12.01,1.23,0.05,
563,0.1,12.16,1.24,0.05,
564,0.1,12.56,1.28,0.05,
565,0.1,15.98,1.63,0.05,
566,0.1,23.17,2.36,0.05,
567,0.1,41.04,4.19,0.05,
568,0.1,215.37,21.98,0.05,
569,0.1,214.77,21.92,0.05,
570,0.1,215.19,21.96,0.05,
571,0.1,215.28,21.97,0.05,
572,0.1,44.6,4.55,0.05,
573,0.1,23.71,2.42,0.05,
574,0.1,17.1,1.74,0.05,
575,0.1,15.51,1.58,0.05,
576,0.1,13.18,1.34,0.05,
577,0.1,12.47,1.27,0.05,
578,0.1,12.31,1.26,0.05,
579,0.1,11.84,1.21,0.05,
580,0.1,11.22,1.14,0.05,
581,0.1,11.25,1.15,0.05,
582,0.1,10.73,1.09,0.05,
583,0.1,10.39,1.06,0.05,
584,0.1,10.26,1.05,0.05,
585,0.1,10.09,1.03,0.05,
586,0.1,9.71,0.99,0.05,
587,0.1,9.54,0.97,0.05,
588,0.1,9.41,0.96,0.05,
589,0.1,9.3,0.95,0.05,
590,0.1,9.1,0.93,0.05,
591,0.1,8.98,0.92,0.05,
592,0.1,8.89,0.91,0.05,
593,0.1,9.57,0.98,0.05,
594,0.1,8.78,0.90,0.05,
595,0.1,8.72,0.89,0.05,
596,0.1,8.57,0.87,0.05,
597,0.1,8.52,0.87,0.05,
598,0.1,8.43,0.86,0.05,
599,0.1,8.59,0.88,0.05,
600,0.1,8.44,0.86,0.05,
601,0.1,8.49,0.87,0.05,
602,0.1,8.25,0.84,0.05,
603,0.1,8.11,0.83,0.05,
604,0.1,8.11,0.83,0.05,
605,0.1,8.16,0.83,0.05,
606,0.1,8.06,0.82,0.05,
607,0.1,7.9,0.81,0.05,
608,0.1,8.06,0.82,0.05,
609,0.1,7.8,0.80,0.05,
610,0.1,7.99,0.82,0.05,
611,0.1,7.81,0.80,0.05,
612,0.1,7.87,0.80,0.05,
613,0.1,7.8,0.80,0.05,
614,0.1,7.85,0.80,0.05,
615,0.1,7.81,0.80,0.05,
616,0.1,7.84,0.80,0.05,
617,0.1,7.76,0.79,0.05,
618,0.1,7.79,0.79,0.05,
619,0.1,7.85,0.80,0.05,
620,0.1,7.71,0.79,0.05,
621,0.1,7.63,0.78,0.05,
622,0.1,7.63,0.78,0.05,
623,0.1,7.7,0.79,0.05,
624,0.1,7.8,0.80,0.05,
625,0.1,7.69,0.78,0.05,
626,0.1,7.69,0.78,0.05,
627,0.1,8.37,0.85,0.05,
628,0.1,7.57,0.77,0.05,
629,0.1,7.58,0.77,0.05,
630,0.1,7.62,0.78,0.05,
631,0.1,7.54,0.77,0.05,
632,0.1,8.3,0.85,0.05,
633,0.1,7.48,0.76,0.05,
634,0.1,7.36,0.75,0.05,
635,0.1,7.51,0.77,0.05,
636,0.1,7.43,0.76,0.05,
637,0.1,7.48,0.76,0.05,
638,0.1,7.55,0.77,0.05,
639,0.1,7.58,0.77,0.05,
640,0.1,7.47,0.76,0.05,
641,0.1,7.44,0.76,0.05,
642,0.1,7.45,0.76,0.05,
643,0.1,7.59,0.77,0.05,
644,0.1,7.55,0.77,0.05,
645,0.1,7.48,0.76,0.05,
646,0.1,8.13,0.83,0.05,
647,0.1,7.44,0.76,0.05,
648,0.1,8.32,0.85,0.05,
649,0.1,7.49,0.76,0.05,
650,0.1,8.22,0.84,0.05,
651,0.1,7.49,0.76,0.05,
652,0.1,7.45,0.76,0.05,
653,0.1,7.43,0.76,0.05,
654,0.1,7.58,0.77,0.05,
655,0.1,7.56,0.77,0.05,
656,0.1,7.6,0.78,0.05,
657,0.1,7.63,0.78,0.05,
658,0.1,7.53,0.77,0.05,
659,0.1,7.61,0.78,0.05,
660,0.1,7.73,0.79,0.05,
661,0.1,8.43,0.86,0.05,
662,0.1,8.27,0.84,0.05,
663,0.1,7.85,0.80,0.05,
664,0.1,7.59,0.77,0.05,
665,0.1,7.53,0.77,0.05,
666,0.1,7.69,0.78,0.05,
667,0.1,7.54,0.77,0.05,
668,0.1,7.47,0.76,0.05,
669,0.1,7.49,0.76,0.05,
670,0.1,7.68,0.78,0.05,
671,0.1,7.59,0.77,0.05,
672,0.1,7.54,0.77,0.05,
673,0.1,7.49,0.76,0.05,
674,0.1,7.54,0.77,0.05,
675,0.1,7.49,0.76,0.05,
676,0.1,7.5,0.77,0.05,
677,0.1,7.67,0.78,0.05,
678,0.1,7.56,0.77,0.05,
679,0.1,8.39,0.86,0.05,
680,0.1,7.5,0.77,0.05,
681,0.1,7.66,0.78,0.05,
682,0.1,8.5,0.87,0.05,
683,0.1,7.68,0.78,0.05,
684,0.1,8.33,0.85,0.05,
685,0.1,7.69,0.78,0.05,
686,0.1,7.64,0.78,0.05,
687,0.1,8.69,0.89,0.05,
688,0.1,7.76,0.79,0.05,
689,0.1,7.82,0.80,0.05,
690,0.1,7.73,0.79,0.05,
691,0.1,7.68,0.78,0.05,
692,0.1,7.83,0.80,0.05,
693,0.1,7.61,0.78,0.05,
694,0.1,7.59,0.77,0.05,
695,0.1,7.63,0.78,0.05,
696,0.1,7.69,0.78,0.05,
697,0.1,8.51,0.87,0.05,
698,0.1,8.75,0.89,0.05,
699,0.1,7.65,0.78,0.05,
700,0.1,7.72,0.79,0.05,
